{"cameraMode":{"drawMode":0,"name":"Shaded","section":"Shading Mode"},"sceneLighting":true,"audioPlay":false,"sceneViewState":{"showFog":true,"showMaterialUpdate":false,"showSkybox":true,"showFlares":true,"showImageEffects":true,"showParticleSystems":true,"showVisualEffectGraphs":true,"m_FxEnabled":true},"in2DMode":false,"pivot":{"x":115.42191314697266,"y":-94.92721557617188,"z":499.3473205566406},"rotation":{"x":0.09255577623844147,"y":0.1144256740808487,"z":-0.010711003094911576,"w":0.9890660047531128},"size":265.82684326171877,"orthographic":false}