{"cameraMode":{"drawMode":0,"name":"Shaded","section":"Shading Mode"},"sceneLighting":true,"audioPlay":false,"sceneViewState":{"showFog":true,"showMaterialUpdate":false,"showSkybox":true,"showFlares":true,"showImageEffects":true,"showParticleSystems":true,"showVisualEffectGraphs":true,"m_FxEnabled":true},"in2DMode":false,"pivot":{"x":-0.9907989501953125,"y":0.21024644374847413,"z":0.41105911135673525},"rotation":{"x":-0.24224121868610383,"y":0.6087825894355774,"z":-0.2026219516992569,"w":-0.7277801036834717},"size":1.349643588066101,"orthographic":false}