{"cameraMode":{"drawMode":0,"name":"Shaded","section":"Shading Mode"},"sceneLighting":false,"audioPlay":false,"sceneViewState":{"showFog":true,"showMaterialUpdate":false,"showSkybox":false,"showFlares":true,"showImageEffects":true,"showParticleSystems":true,"showVisualEffectGraphs":true,"m_FxEnabled":true},"in2DMode":false,"pivot":{"x":0.27121639251708987,"y":0.7042198181152344,"z":0.8079652786254883},"rotation":{"x":-0.07253339886665344,"y":-0.912000298500061,"z":0.35931381583213808,"w":-0.18412327766418458},"size":7.671207904815674,"orthographic":false}