{"cameraMode":{"drawMode":0,"name":"Shaded","section":"Shading Mode"},"sceneLighting":false,"audioPlay":false,"sceneViewState":{"showFog":true,"showMaterialUpdate":false,"showSkybox":false,"showFlares":true,"showImageEffects":true,"showParticleSystems":true,"showVisualEffectGraphs":true,"m_FxEnabled":true},"in2DMode":false,"pivot":{"x":-0.00011610984802246094,"y":0.8969656229019165,"z":-0.0761662945151329},"rotation":{"x":0.18660102784633637,"y":-0.3991633355617523,"z":0.08333193510770798,"w":0.8938281536102295},"size":1.2460359334945679,"orthographic":false}