{"cameraMode":{"drawMode":0,"name":"Shaded","section":"Shading Mode"},"sceneLighting":false,"audioPlay":false,"sceneViewState":{"showFog":true,"showMaterialUpdate":false,"showSkybox":false,"showFlares":true,"showImageEffects":true,"showParticleSystems":true,"showVisualEffectGraphs":true,"m_FxEnabled":true},"in2DMode":false,"pivot":{"x":-5.665450096130371,"y":3.8329052925109865,"z":15.388574600219727},"rotation":{"x":0.013139529153704644,"y":-0.9758636355400086,"z":-0.061258118599653247,"w":-0.20923131704330445},"size":3.020761489868164,"orthographic":false}