{"cameraMode":{"drawMode":0,"name":"Shaded","section":"Shading Mode"},"sceneLighting":false,"audioPlay":false,"sceneViewState":{"showFog":true,"showMaterialUpdate":false,"showSkybox":false,"showFlares":true,"showImageEffects":true,"showParticleSystems":true,"showVisualEffectGraphs":true,"m_FxEnabled":true},"in2DMode":false,"pivot":{"x":10.291197776794434,"y":0.04329594969749451,"z":5.960831642150879},"rotation":{"x":-0.24233505129814149,"y":0.4948557913303375,"z":-0.14594896137714387,"w":-0.8216298222541809},"size":0.18621324002742768,"orthographic":false}